Policy Number,Policy Holder Name,Insurance Company,Sum Insured (₹),Room Rent Limit
PL10487727,Raymond Cantrell,New India Assurance,115916,2% of Sum Insured
PL43428827,Connor Watkins,HDFC Ergo,450756,₹5000 per day
PL17992091,Michael Smith,HDFC Ergo,782009,1% of Sum Insured
PL38500520,Victoria Berger,Reliance General,245556,2% of Sum Insured
PL86575909,Beth Osborne,Star Health,899395,2% of Sum Insured
PL68553167,Javier Marshall,New India Assurance,745972,2% of Sum Insured
PL97501257,Steven Brown,Star Health,340330,₹3000 per day
PL60624652,Cynthia Villegas,Tata AIG,884122,₹3000 per day
PL88702335,Kevin Richardson,Bajaj Allianz,311143,₹3000 per day
PL88857896,Patty Ellis,Star Health,941463,2% of Sum Insured
PL30185983,Yvonne Gaines,Reliance General,121809,₹2000 per day
PL92223164,Bryan Mayer,Tata AIG,272167,₹3000 per day
PL76400152,Kim Hernandez,HDFC Ergo,958896,1% of Sum Insured
PL74597924,Sarah Johnson,Bajaj Allianz,940806,1% of Sum Insured
PL43253856,Jacob Greer,HDFC Ergo,898640,₹2000 per day
PL95903847,Jennifer Garrison,ICICI Lombard,120076,1% of Sum Insured
PL55033838,Kiara Williams,Star Health,107038,2% of Sum Insured
PL31520162,Brian Smith,Tata AIG,261405,₹3000 per day
PL51100978,Elizabeth Aguilar,HDFC Ergo,187212,₹2000 per day
PL48466543,Christian Chavez,ICICI Lombard,414874,1% of Sum Insured
PL82339061,Sarah Perez,Reliance General,120788,2% of Sum Insured
PL17927242,Craig Skinner,Reliance General,899998,₹5000 per day
PL50063633,Amber Garrett,Bajaj Allianz,616258,₹5000 per day
PL49111244,Mary Brooks,Tata AIG,722203,2% of Sum Insured
PL32900426,Kathy Miller,Tata AIG,780610,₹5000 per day
PL54613084,Michelle Keller,Reliance General,926898,1% of Sum Insured
PL76546946,Richard Griffith,New India Assurance,411673,1% of Sum Insured
PL27275449,Robert Sanchez,Tata AIG,124407,2% of Sum Insured
PL69295942,Albert Gonzalez,Reliance General,572806,₹3000 per day
PL52923429,Natalie Baldwin,ICICI Lombard,497452,₹2000 per day
PL86327518,Jennifer Sanford,Reliance General,878673,₹5000 per day
PL25046328,Christopher Estes,Reliance General,692743,2% of Sum Insured
PL95960271,Joseph Powell,Tata AIG,409543,2% of Sum Insured
PL19587814,Jordan Taylor,ICICI Lombard,199095,2% of Sum Insured
PL64339606,Lisa Hayden,HDFC Ergo,323203,1% of Sum Insured
PL36177289,Brandon Stone,Max Bupa,615705,₹3000 per day
PL38468097,Katie Knight,Bajaj Allianz,976775,₹2000 per day
PL72927045,Mrs. Michelle Robinson,Star Health,676221,1% of Sum Insured
PL76697230,Christopher Russell,Reliance General,756581,2% of Sum Insured
PL70360597,Casey Henderson,HDFC Ergo,734048,₹5000 per day
PL94615725,Joanne Matthews,New India Assurance,755074,2% of Sum Insured
PL90746233,Loretta Torres,Star Health,833473,2% of Sum Insured
PL67963415,Mrs. Ashley Baker,Tata AIG,436342,₹2000 per day
PL75024161,Marc Gallagher,ICICI Lombard,139258,₹2000 per day
PL81308404,Patrick Buckley,Reliance General,518065,2% of Sum Insured
PL17244677,David Jackson,ICICI Lombard,980462,₹3000 per day
PL79078109,Lauren Green,Max Bupa,582121,2% of Sum Insured
PL80297767,Anthony Salazar,HDFC Ergo,533212,1% of Sum Insured
PL40972501,Robin Owen,Reliance General,846738,2% of Sum Insured
PL30937244,William Carter,Reliance General,238981,2% of Sum Insured
